Size, IJP, IPJ, JIP, JPI, PIJ, PJI
1960, 59.754282, 28.979273, 30.432951, 28.389494, 30.220525, 29.364368
