Size, IJP, IPJ, JIP, JPI, PIJ, PJI
1960, 97.456976, 27.831802, 70.709818, 158.076994, 30.164020, 155.449633
